[
    {
        "name": "pnp-sp-dev-spfx-web-parts-react-tabacordion",
        "source": "pnp",
        "title": "Tab Accordion Web Part with Property Field Collection Data and tinyMCE for Rich Text Editing",
        "shortDescription": "This Web Part allows users to create content as Tabbed content using Property Field Collection Data and tinyMCE for Rich Text Editing targeted for SharePoint Online.",
        "url": "https://github.com/pnp/sp-dev-fx-webparts/tree/main/samples/react-tabacordion",
        "downloadUrl": "https://pnp.github.io/download-partial/?url=https://github.com/pnp/sp-dev-fx-webparts/tree/main/samples/react-tabacordion",
        "longDescription": [
            "This Web Part allows users to create content as Tabbed content using Property Field Collection Data and tinyMCE for Rich Text Editing targeted for SharePoint Online."
        ],
        "creationDateTime": "2022-03-30",
        "updateDateTime": "2022-03-30",
        "products": [
            "SharePoint"
        ],
        "metadata": [
            {
                "key": "CLIENT-SIDE-DEV",
                "value": "React"
            },
            {
                "key": "SPFX-VERSION",
                "value": "1.13.0"
            }
        ],
        "thumbnails": [
            {
                "type": "image",
                "order": 100,
                "url": "https://github.com/pnp/sp-dev-fx-webparts/raw/main/samples/react-tabacordion/assets/TabAccordionWebpart.gif",
                "alt": "Web Part Preview"
            }
        ],
        "authors": [
            {
                "gitHubAccount": "arunkumarperumal",
                "pictureUrl": "https://github.com/arunkumarperumal.png",
                "name": "Arun Kumar Perumal"
            }
        ],
        "references": [
            {
                "name": "Build your first SharePoint client-side web part",
                "description": "Client-side web parts are client-side components that run in the context of a SharePoint page. Client-side web parts can be deployed to SharePoint environments that support the SharePoint Framework. You can also use modern JavaScript web frameworks, tools, and libraries to build them.",
                "url": "https://learn.microsoft.com/sharepoint/dev/spfx/web-parts/get-started/build-a-hello-world-web-part"
            }
        ]
    }
]